Workbook

Sheet Лист1
A1: максимальный показатель | B1: сумма
A2: 0 | B2: =2^A2 -> 1
A3: 1 | B3: =2^A3 -> 2
A4: 2 | B4: =2^A4 -> 4
A5: 3 | B5: =2^A5 -> 8
A6: 4 | B6: =2^A6 -> 16
A7: 5 | B7: =2^A7 -> 32
A8: 6 | B8: =2^A8 -> 64
A9: 7 | B9: =2^A9 -> 128
A10: 8 | B10: =2^A10 -> 256
A11: 9 | B11: =2^A11 -> 512
A12: 10 | B12: =2^A12 -> 1024
A13: 11 | B13: =2^13 -> 8192
A14: 12 | B14: =2^A14 -> 4096
A15: 13 | B15: =2^A15 -> 8192
A16: 14 | B16: =2^A16 -> 16384
A17: 15 | B17: =2^A17 -> 32768
A18: 16 | B18: =2^A18 -> 65536
A19: 17 | B19: =2^A19 -> 131072
A20: 18 | B20: =2^A20 -> 262144
A21: 19 | B21: =2^A21 -> 524288
A22: 20 | B22: =2^A22 -> 1048576
A23: 21 | B23: =2^A23 -> 2097152
A24: 22 | B24: =2^A24 -> 4194304
A25: 23 | B25: =2^A25 -> 8388608

Sheet Лист2
A1: максимальный показатель | B1: сумма для 2
A2: 0 | B2: =3^A2 -> 1
A3: 1 | B3: =3^A3 -> 3
A4: 2 | B4: =3^A4 -> 9
A5: 3 | B5: =3^A5 -> 27
A6: 4 | B6: =3^A6 -> 81
A7: 5 | B7: =3^A7 -> 243
A8: 6 | B8: =3^A8 -> 729
A9: 7 | B9: =3^A9 -> 2187
A10: 8 | B10: =3^A10 -> 6561
A11: 9 | B11: =3^A11 -> 19683
A12: 10 | B12: =3^A12 -> 59049
A13: 11 | B13: =3^A13 -> 177147
... A25: 23 | B25: =3^A25 -> 94143178827

Sheet Лист3
A1: максимальный показатель | B1: сумма для 2 | C1: сумма для 3
A2: 0 | B2: =VLOOKUP(A2, Лист1!$A$2:$B$25, 2, 0) -> 1 | C2: =VLOOKUP(A2, Лист2!$A$2:$C$25, 2, 0) -> 1
A3: 1 | B3: =VLOOKUP(A3, Лист1!$A$2:$B$25, 2, 0) -> 2 | C3: =VLOOKUP(A3, Лист2!$A$2:$C$25, 2, 0) -> 3
A4: 2 | B4: =VLOOKUP(A4, Лист1!$A$2:$B$25, 2, 0) -> 4 | C4: =VLOOKUP(A4, Лист2!$A$2:$C$25, 2, 0) -> 9
A5: 3 | B5: =VLOOKUP(A5, Лист1!$A$2:$B$25, 2, 0) -> 8 | C5: =VLOOKUP(A5, Лист2!$A$2:$C$25, 2, 0) -> 27
A6: 4 | B6: =VLOOKUP(A6, Лист1!$A$2:$B$25, 2, 0) -> 16 | C6: =VLOOKUP(A6, Лист2!$A$2:$C$25, 2, 0) -> 81
A7: 5 | B7: =VLOOKUP(A7, Лист1!$A$2:$B$25, 2, 0) -> 32 | C7: =VLOOKUP(A7, Лист2!$A$2:$C$25, 2, 0) -> 243
A8: 6 | B8: =VLOOKUP(A8, Лист1!$A$2:$B$25, 2, 0) -> 64 | C8: =VLOOKUP(A8, Лист2!$A$2:$C$25, 2, 0) -> 729
A9: 7 | B9: =VLOOKUP(A9, Лист1!$A$2:$B$25, 2, 0) -> 128 | C9: =VLOOKUP(A9, Лист2!$A$2:$C$25, 2, 0) -> 2187
A10: 8 | B10: =VLOOKUP(A10, Лист1!$A$2:$B$25, 2, 0) -> 256 | C10: =VLOOKUP(A10, Лист2!$A$2:$C$25, 2, 0) -> 6561
A11: 9 | B11: =VLOOKUP(A11, Лист1!$A$2:$B$25, 2, 0) -> 512 | C11: =VLOOKUP(A11, Лист2!$A$2:$C$25, 2, 0) -> 19683
A12: 10 | B12: =VLOOKUP(A12, Лист1!$A$2:$B$25, 2, 0) -> 1024 | C12: =VLOOKUP(A12, Лист2!$A$2:$C$25, 2, 0) -> 59049
A13: 11 | B13: =VLOOKUP(A13, Лист1!$A$2:$B$25, 2, 0) -> 8192 | C13: =VLOOKUP(A13, Лист2!$A$2:$C$25, 2, 0) -> 177147
... A25: 23 | B25: =VLOOKUP(A25, Лист1!$A$2:$B$25, 2, 0) -> 8388608 | C25: =VLOOKUP(A25, Лист2!$A$2:$C$25, 2, 0) -> 94143178827

Sheet Лист4
A1: статистическая функция | B1: для A(лист 3) | C1: для B(лист3) | D1: для C(лист3)
A2: среднее значение | B2: =AVERAGE(Лист3!A2:A25) -> 11.5 | C2: =AVERAGE(Лист3!B2:B25) -> 699306.62 | D2: =AVERAGE(Лист3!C2:C25) -> 5.8839487e+09
A3: максимальное значение | B3: =AVERAGE(Лист3!A3:A26) -> 12 | C3: =AVERAGE(Лист3!B3:B26) -> 729711.22 | D3: =AVERAGE(Лист3!C3:C26) -> 6.1397725e+09
A4: минимальное значение | B4: =AVERAGE(Лист3!A4:A27) -> 12.5 | C4: =AVERAGE(Лист3!B4:B27) -> 762879.82 | D4: =AVERAGE(Лист3!C4:C27) -> 6.4188531e+09
A5: медиана | B5: =AVERAGE(Лист3!A5:A28) -> 13 | C5: =AVERAGE(Лист3!B5:B28) -> 799207.24 | D5: =AVERAGE(Лист3!C5:C28) -> 6.7245128e+09
A6: мода | B6: =AVERAGE(Лист3!A6:A29) -> 13.5 | C6: =AVERAGE(Лист3!B6:B29) -> 839167.2 | D6: =AVERAGE(Лист3!C6:C29) -> 7060738410
A7: дисперсия | B7: =AVERAGE(Лист3!A7:A30) -> 14 | C7: =AVERAGE(Лист3!B7:B30) -> 883333.05 | D7: =AVERAGE(Лист3!C7:C30) -> 7.4323562e+09

Sheet Лист5
B1: 2021 | C1: 2022 | D1: 2023 | E1: 2024 | F1: 2025 | G1: 2026 | H1: 2027
A2: кооледж 1 | B2: 1510000 | C2: 2236476 | D2: 1934765 | E2: 4543534 | F2: 2348887 | G2: 1170004 | H2: 2344598
A3: кооледж 2 | B3: 237800 | C3: 732647 | D3: 567672 | E3: 234234 | F3: 323217 | G3: 634423 | H3: 235455
A4: кооледж 3 | B4: 3211400 | C4: 4873837 | D4: 3653654 | E4: 3453453 | F4: 5435323 | G4: 4586959 | H4: 8576885
A5: коледж 4 | B5: 4961201 | C5: 7844962 | D5: 6159094 | E5: 8233225 | F5: 8109432 | G5: 6393392 | H5: 11158945
